,Commercial District,Address,City,State,Zip Code,Square Footage,Length of Vacancy,Ownership Type,Former Tenant/Current Business,Business for Sale,Leasing Activity,Recorded Owner,Leasing Contact,long,lat,harv_dist,mit_dist,min_dist
0,Smaller Districts,123 River Street,Cambridge,Massachusetts,2139,900.0,5 years or more,Individual,River Gods,,Leased pending occupancy,"Arthur N. Dobelis 263 Hicks St. #4 Brooklyn, NY 11201","Arthur Dobelis, (646) 722-0824",-71.10871620999995,42.36404486100003,1.5828285761775274,1.270788605767248,1.270788605767248
1,Kendall Square,One Kendall Square,Cambridge,Massachusetts,2139,,6-10 months,Real Estate Investment Trust (REIT),Flat Top Johnny’s,,Unknown,"ARE-MA Region No. 59 LLC, 385 East Colorado Boulevard, Pasadena, CA 91101",,-71.09011699999996,42.36743900000005,2.4288008451328533,0.8823184372724852,0.8823184372724852
2,Fresh Pond-Alewife,93 Blanchard Rd,Cambridge,Massachusetts,2138,,6-10 months,Trust,Knittin Kitten,,Unknown,"Hillside Garden Supply Co., 280 Blanchard Rd., Belmont, MA 02478",,-71.15799258099997,42.39426321500008,3.896982855464361,6.47217512445093,3.896982855464361
3,Inman Square,168 Hampshire Street,Cambridge,Massachusetts,2139,840.0,5 years or more,Real Estate Investment Trust (REIT),Lapel's Dry Cleaning,,Unknown,"Berkmar LLC c/o NCP Management Company, P.O. Box 590179, Newton Center, MA 02459","NCP Management, Inc. (617) 630-1868",-71.09891659199997,42.37186069200004,1.5686333052517079,1.3639328843658378,1.3639328843658378
4,East Cambridge,149 Cambridge Street,Cambridge,Massachusetts,2141,,6-10 months,,Law Offices,,Actively leasing,"Anthony Gargano, trustee of Gargano Family Trust, 149 Cambridge St., Cambridge, MA 02140",(617) 876-6780,-71.07825855299996,42.37099991300005,3.2275410342326665,1.7844667249444612,1.7844667249444612
5,East Cambridge,85 First Street,Cambridge,Massachusetts,2141,2500.0,1-2 years,Real Estate Investment Trust (REIT),New Space,,Actively leasing,"12 Jayne Road LLC, 30 Windsor Road, Needham, MA 02492",,-71.07772035099998,42.36818112100008,3.348900874680155,1.6250070045617067,1.6250070045617067
6,Fresh Pond-Alewife,178 Alewife Brook Parkway,Cambridge,Massachusetts,2138,2500.0,1-2 years,Real Estate Investment Trust (REIT),Sprint,,Actively leasing,"The Fresh Pond Mall Limited Partnership, 545 Concord Ave, Cambridge, MA 02140","Vast Capital Management, (617) 491-4431",-71.140838429,42.39021789900005,2.4679635206582167,5.088510916235134,2.4679635206582167
7,East Cambridge,40 Edwin Land Boulevard,Cambridge,Massachusetts,2142,,6-10 months,,Restaurant Dante,,Unknown,"Royal Sonesta Hotel Boston c/o Ryan, LLC, Pts Commercial 1 International Pl., 100 Oliver Street, 100 Oliver Street, 18th Fl. Boston, MA 02110",,-71.07527803199997,42.366481271000055,3.5981977981715,1.7089129243058452,1.7089129243058452
8,North Massachusetts Ave.,2400 Massachusetts Avenue,Cambridge,Massachusetts,2140,,6-10 months,Trust,Grow Your Own,,Actively leasing,"Susan E. Glazier, trustee of Junction Realty Trust of Cambridge, 2994 Massachusetts Ave., Cambridge, MA 02140","Susan Glazier, Danehy Realty Corp., (617) 547-6808, susan.glazier@danehy.com",-71.13022492799996,42.39707446300008,2.493288152976323,5.065539546351661,2.493288152976323
9,Harvard Square,12 Bow Street,Cambridge,Massachusetts,2138,,6-10 months,Trust,Cafe Pamplona,,Unknown,"Eliodora Yanguas Perez c/o The Eliodora Yanguas Perez Trust, 12 Bow St., Cambridge, MA 02138",,-71.11547302999998,42.37175969100008,0.5913485675180105,2.1761127945950567,0.5913485675180105
10,Harvard Square,22 JFK Street,Cambridge,Massachusetts,2138,3308.0,5 years or more,Trust,Uno's Pizza,,Actively leasing,"Alliara, LLC 1188 Centre Street, Newton Centre, MA 02459","Dartmouth Company, Lindsey Sandell, (617) 369-5936",-71.11952970299996,42.372909771000025,0.510770065743049,2.521785516950141,0.510770065743049
11,Harvard Square,33 Brattle Street,Cambridge,Massachusetts,2138,,6-10 months,Real Estate Investment Trust (REIT),Flat Patties,,Leased pending occupancy,"AP Brattle Square, LP c/o Asana Partners, LP, 1616 Camden Road, Suite 210, Charlotte, NC 28203",,-71.12069411699997,42.37363769800004,0.49741970034390615,2.6464668532715216,0.49741970034390615
12,Porter Sq-Lower Massachusetts Ave.,1906-1908 Massachusetts Avenue,Cambridge,Massachusetts,2140,1550.0,2-5 years,Trust,Rod Dee and Wok n' Roll,,Actively leasing,"PKH Properties, LLC, P.O. Box 621 Brookline, MA 02446","PadMatch Realty, Peter Grossi, (617) 435-9457",-71.12001417699997,42.38886246100003,1.3468403395529849,3.8373658443724254,1.3468403395529849
13,Harvard Square,84 Winthrop Street,Cambridge,Massachusetts,2138,,1-2 years,Trust,Tom's Bao Bao,,Unknown,"Crimsoan Galeria Limited Partnership, c/o Raj Dhanda, 1299 Beacon Street, Brookline, MA 02446",,-71.12089234899997,42.372135367000055,0.6412466707733119,2.56905378222221,0.6412466707733119
14,Harvard Square,76A Mt. Auburn Street,Cambridge,Massachusetts,2138,,2-5 years,Nonprofit Corporation,Schoenhof's Foreign Books,,Actively leasing,"76 Mount Auburn Street, Inc. c/o Rick Childs, SRB Corp., 76 Mt. Auburn St., Cambridge, MA 02138","IRB, (617) 497-3300",-71.11868456999997,42.37192460800003,0.5874322860174112,2.4031727311901316,0.5874322860174112
15,North Massachusetts Ave.,2094 Massachusetts Avenue,Cambridge,Massachusetts,2140,2000.0,6-10 months,Trust,Redemption Tattoo,,Actively leasing,"Joseph A, Francis X., Anthony J., Marian L., and Maria C. Colannino c/o Riverside Management P.O. Box 440317 W. Somerville, MA 02144",(617) 428-9993,-71.12360079399997,42.39132196300005,1.6903831306544346,4.229137759178751,1.6903831306544346
16,East Cambridge,357 Cambridge Street,Cambridge,Massachusetts,2141,,1-2 years,Trust,Legatt McCall,,Leased pending occupancy,"East Cambridge, LLC c/o Rob Hajier, 109 Ostrom Rd., East Falmouth, MA 02536",,-71.08199486999996,42.37151112500004,2.9154935023871067,1.6172477539695815,1.6172477539695815
17,North Massachusetts Ave.,2267 Massachusetts Ave,Cambridge,Massachusetts,2140,,6-10 months,Domestic Limited Liability Company (LLC),Benoit Real Estate,,Actively leasing,"GAP Cambridge Investments LLC, 20 Lantern Ln., Needham, MA 02492",617-444-8941,-71.12671341299995,42.39458097300008,2.1208618163038504,4.6725950320645415,2.1208618163038504
18,Harvard Square,43 Brattle Street,Cambridge,Massachusetts,2138,,6-10 months,Trust,Goorin Bros. Hat Shop,,Unknown,"John P. Digiovanni, trustee of 45 Brattle Street Realty Trust, P.O. Bon 380212, Cambridge, MA 02238",(617) 902-9346,-71.12099050099994,42.373989193000064,0.4861037161468656,2.688782427625728,0.4861037161468656
19,Porter Sq-Lower Massachusetts Ave.,1699 Massachusetts Avenue,Cambridge,Massachusetts,2138,1324.0,1-2 years,Trust,New Space,,Actively leasing,"Lotus Harvard Enterprise, LLC, 1712 Massachusetts Ave., Cambridge, MA 02138","Compass, Shannah Hall Frackum, (617) 686-9996",-71.11923415699994,42.38308297100008,0.7076992244849901,3.280308791509926,0.7076992244849901
20,Central Square,93 Windsor Street,Cambridge,Massachusetts,2139,,2-5 years,Trust,"Coffee Shop ""Brew on the Gird""""",,Leased pending occupancy,"Windsor Ninety Three LLC, 1495 Hancock Street, Quincy, MA 02169","District Real Estate Advisors. Contact: Christopher Mearn, 617-943-2272; Hana McLaren, 860-391-2017.",-71.09680921399996,42.36377747800003,2.198145342118652,0.4617048500809737,0.4617048500809737
21,Harvard Square,1210 Massachusetts Avenue,Cambridge,Massachusetts,2138,,2-5 years,Real Estate Investment Trust (REIT),Oona's,,Unknown,"Cambridge Real Estate Company, LLC P.O. 400575 Cambridge, MA 02140","Shannah Hall, (617) 686-9996, shannah@compass.com",-71.11541502699998,42.37186190800003,0.5809988145683296,2.1790889779935334,0.5809988145683296
22,Central Square,114 Bishop Allen Drive,Cambridge,Massachusetts,2139,,6-10 months,Domestic Limited Liability Company (LLC),Training space,,Actively leasing,"Choice Realty LLC, 825 Beacon St., #1, Newton Centre, MA 02459","CCAdvisors, 617-970-7232",-71.10317778399997,42.36607881400005,1.6458126823935384,0.9930070968996345,0.9930070968996345
23,Harvard Square,26 Brattle Street,Cambridge,Massachusetts,2138,,6-10 months,Trust,Dickson Bros. Hardware Co.,,For sale,"Edward P. Verplanck Tr. c/o Brattle Street Trust, 26 Brattle St., Cambridge, MA 02138",,-71.12041097699995,42.37313076000004,0.5272882659706096,2.595490569652342,0.5272882659706096
24,Kendall Square,295 Third Street,Cambridge,Massachusetts,2142,,6-10 months,Real Estate Investment Trust (REIT),Barismo,,Actively leasing,"303 Third SPE LCC, P.O. Box 87407, Chicago, IL 60680","Cushman & Wakefield, (617) 204-4142",-71.08389479599998,42.36430419700009,3.042337890931914,0.9671793077866656,0.9671793077866656
25,East Cambridge,20 Child Street,Cambridge,Massachusetts,2141,4418.0,5 years or more,Real Estate Investment Trust (REIT),New Space,,Actively leasing,"PRII Twenty20 LLC c/o Prudential Real Estate Services, 7 Girala Farms, Madison, NJ 07940","Chris Mearn, (617) 595-544",-71.07187380599999,42.37138569000007,3.734848035282837,2.222456309453195,2.222456309453195
26,Inman Square,212 Hampshire Street,Cambridge,Massachusetts,2139,,2-5 years,Trust,Ryles Jazz Club,,Under redevelopment,"Shree Manakamana LLC, 620 Cambridge Street, Cambridge MA 02141","Binoj Pradhan, (617) 501-7309",-71.10050244799999,42.37321596200008,1.395494158338658,1.5476157033548175,1.395494158338658
27,Harvard Square,1168 Massachusetts Avenue,Cambridge,Massachusetts,2138,,6-10 months,Domestic Limited Liability Company (LLC),Unknown,,Actively leasing,"Augment Investments, LLC, 4 Trowbridge Place, Unit 2D, Cambridge, MA 02138",(617) 275-1854,-71.11484363299996,42.37136725000005,0.6446298224431424,2.10859267611913,0.6446298224431424
28,Inman Square,1281 Cambridge Street,Cambridge,Massachusetts,2139,,6-10 months,Trust,Bukowski Tavern,,Actively leasing,"Kim H. Odence, tr. of 1281 Cambridge Realty Trust, 1281 Cambridge St., Cambridge, MA 02139-1202","Boston Restaurant Group, (978) 887-9895",-71.09877124899998,42.37368648100005,1.5181414107922189,1.5567273531109365,1.5181414107922189
29,East Cambridge,121 First Street,Cambridge,Massachusetts,2141,7000.0,2-5 years,Real Estate Investment Trust (REIT),New Space,,Actively leasing,"Urban Spaces, LLC, 111 First Street, Cambridge, MA 02141","Adam Conviser, Conviser Property Group, 781-320-0600",-71.07811555799998,42.36684215400004,3.3649153820272573,1.5193445981383331,1.5193445981383331
30,Smaller Districts,699 Mt. Auburn Street,Cambridge,Massachusetts,2138,,2-5 years,Real Estate Investment Trust (REIT),Unknown,,Leased pending occupancy,"Equity One LLC, c/o Equity One, Inc., 1275 Powers Ferry. Suite 100, Marietta, GA 30067","KeyPoint Partners, Donald Mace, (781) 418-6243",-71.14918428999994,42.37536193900008,2.6745875249675564,4.825477864488977,2.6745875249675564
31,Central Square,21 Prospect Street,Cambridge,Massachusetts,2139,,1-2 years,Real Estate Investment Trust (REIT),Soleil Tan and Spa,,Leased pending occupancy,"U.S. REIF Central Plaza Massachusetts LLC c/o Intercontinental Mgmt. Corporation 1270 Soldiers Field Rd. Boston, MA 02135","Boston Urban Partners, (617) 274-4900",-71.10375714099996,42.36611535900005,1.6110157052342096,1.0314893836164625,1.0314893836164625
32,Fresh Pond-Alewife,174 Alewife Brook Parkway,Cambridge,Massachusetts,2138,5100.0,1-2 years,Real Estate Investment Trust (REIT),Panera,,Leased pending occupancy,"The Fresh Pond Mall Limited Partnership, 545 Concord Ave, Cambridge, MA 02140","Vast Capital Management, (617) 491-4431",-71.14029662299998,42.39087558500006,2.477226682214411,5.103815216582749,2.477226682214411
33,Smaller Districts,808 Memorial Drive,Cambridge,Massachusetts,2139,,1-2 years,Association,Lapel's Dry Cleaning,,Unknown,"808 Memorial Drive Association, 280 Franklin Street, Cambridge, MA 02139",,-71.11516030099995,42.36065157300005,1.8222576147678855,1.7232806612460463,1.7232806612460463
34,Central Square,425 Massachusetts Avenue,Cambridge,Massachusetts,2139,,6-10 months,Foreign Limited Liability Company (LLC),New Space,,Actively leasing,"Watermark Central Venture LLC c/o Twining Properties, 200 Park Avenue, 17th Floor, New York, NY 10166","graffitosp.com, (617) 401-2871",-71.10046053799994,42.36384143200008,1.980064048453819,0.6615633657240992,0.6615633657240992
35,Kendall Square,145 Broadway,Cambridge,Massachusetts,2142,,6-10 months,Trust,New Space,,Actively leasing,"David Barrett, Edward H. Linde & Mortimer B. Zuckerman, trs. of Eleven  c/o Marvin F. Poer & Co. 3520 Piedmont Rd. NE, Suite 410, Atlanta, GA 30305","Boston Properties, Sydney Rodenstein, srodenstein@bxp.com",-71.08877658399996,42.36494491000008,2.656863190630133,0.6991317735380566,0.6991317735380566
36,Harvard Square,25 Brattle Street,Cambridge,Massachusetts,2138,4000.0,5 years or more,Real Estate Investment Trust (REIT),Lululemon,,Leased pending occupancy,"AP Brattle Square, LP c/o Asana Partners, LP, 1616 Camden Road, Suite 210, Charolette, NC 28203","CBRE New England, (617) 912-6861",-71.12069411699997,42.37363769800004,0.49741970034390615,2.6464668532715216,0.49741970034390615
37,Harvard Square,36 JFK Street,Cambridge,Massachusetts,2138,,6-10 months,Domestic Limited Partnership (LP),The Hempest,,Unknown,"Trinity Realty Limited Partnership, P.O. Box 380212, Cambridge, MA 02138",(617) 354-0835,-71.11961754599997,42.37255111000008,0.5496913867377556,2.505492734970881,0.5496913867377556
38,Smaller Districts,86 Kirkland Street,Cambridge,Massachusetts,2138,3011.0,5 years or more,Retail Condo,Kirkland Cleaners,,Actively leasing,"Pookadoodle, LLC. c/o Patricia, Birchem, 6 Cowdy Lane, Wakefield, MA 01880","Patricia Birchem
781-789-2937
patricia@parismanagement.com",-71.10787592399998,42.37783003200008,0.7306801218013012,2.269155585641683,0.7306801218013012
39,Harvard Square,41 Brattle Street,Cambridge,Massachusetts,2138,,6-10 months,Real Estate Investment Trust (REIT),,,Actively leasing,"AP Brattle Square, LP c/o Asana Partners, LP, 1616 Camden Road, Suite 210, Charlotte, NC 28203","CBRE, (617) 912-6861",-71.12091707599996,42.37383475600007,0.49383725774812715,2.6740039451698214,0.49383725774812715
40,Porter Sq-Lower Massachusetts Ave.,4 Hudson Street,Cambridge,Massachusetts,2138,2500.0,5 years or more,Trust,Rite-Way Dry Cleaners,,Actively leasing,"Nathaniel H. and ISA H. Swartz, c/o SWARTZ 1995 REVOC. Trust, 205 W. Vinegar Valley Rd. Friendsville, TN.","Roy Papalia, (617) 306-7797",-71.12010235499997,42.38210455200005,0.6326703781298251,3.2426381880353836,0.6326703781298251
41,Central Square,795 Main Street,Cambridge,Massachusetts,2139,,6-10 months,Unknown,Cuchi Chuchi,,Unknown,"John A. Pappas and William B. Pappas, trustees, c/o 805 Main St. LLC, 33 Church St., Cambridge, MA",,-71.09724364799996,42.36342527100004,2.198452013646503,0.44637916443702036,0.44637916443702036
42,Smaller Districts,1001 Massachusetts Avenue,Cambridge,Massachusetts,2138,,1-2 years,Trust,O2 Yoga,,Actively leasing,"Richard Simon and William C Kaplan Trustees, 997 Mass Ave Nominee Trust, c/o Eastport Real Estate Services, 107 Audubon Rd. Suite 2-301, Wakefield, MA 01880","Compass, (617)-308-7736",-71.11130579899998,42.369591125000056,0.9354409769900058,1.7575283854559953,0.9354409769900058
43,East Cambridge,966 Cambridge Street,Cambridge,Massachusetts,2141,2339.0,2-5 years,Trust,Harvard Glass,,Leased pending occupancy,"Judith N Small and Melissa Small, The Jams Family Trust, 14 Back Nine Dr. Haverhill, MA 0183","ABG Commercial Advisors, (617) 492-9900",-71.09321170099997,42.37255228300006,1.9918334382303087,1.3870093098134146,1.3870093098134146
44,Smaller Districts,156 Rindge Avenue,Cambridge,Massachusetts,2140,,1-2 years,Individual,NOCA Provisions,,Actively leasing,"Susan H. Sullivan, 29 Banks St., Somerville, MA 02144","Robert Harris, info@nocaprovisions.com",-71.13083906999998,42.39327088100004,2.1498589273262074,4.760513806400813,2.1498589273262074
45,Porter Sq-Lower Massachusetts Ave.,822 Somerville Avenue,Cambridge,Massachusetts,2138,2308.0,1-2 years,Real Estate Investment Trust (REIT),Sprint,,Actively leasing,"CPUS Porter Square, LP, P.O. Box 638, Addison, T.X. 75001","CBRE, (617) 912-6863",-71.11840610899998,42.38853925500007,1.2907359787419308,3.735509146551338,1.2907359787419308
46,Kendall Square,249 Third Street,Cambridge,Massachusetts,2141,1369.0,6-10 months,Real Estate Investment Trust (REIT),New Space,,Actively leasing,"EQR-249 THIRD ST LLC, Two North Riverside Plaza, Suite 400, Chicago, IL 60606","Boston Realty Advisors, 617-375-7900",-71.08210266199995,42.36678356400006,3.060771839494065,1.2410452134549064,1.2410452134549064
47,Porter Sq-Lower Massachusetts Ave.,1792 Massachusetts Ave,Cambridge,Massachusetts,2138,,6-10 months,,Joie de Vivre,,Unknown,"Goldberg Weiner Realty LLC, 1798A Mass. Ave., Cambridge, MA 02140",,-71.11961561799995,42.385968483000056,1.025601046876482,3.554291830786763,1.025601046876482
48,Central Square,605 Massachusetts Ave,Cambridge,Massachusetts,2139,,6-10 months,Domestic Limited Liability Company (LLC),Supercuts,,Actively leasing,"3MJ Associates, Inc. 563 Massachusetts Ave., Cambridge, MA 02139",Call Lena at 617-875-9080,-71.10292817099997,42.36520110300006,1.7324144881078245,0.9143268006921985,0.9143268006921985
49,East Cambridge,1036 Cambridge Street,Cambridge,Massachusetts,2141,,6-10 months,Domestic Limited Liability Company (LLC),Adoema Real Estate Services,,Actively leasing,"David Komessar, Saul Komessar, and Debra Magier tr. c/o 1030 Cambridge Street LLC, 2 Worcester St., Cambridge, MA 02139","CMS Partners, (617) 945-0009",-71.09433831199993,42.37264247300004,1.8997405274306074,1.3947056563361484,1.3947056563361484
50,Harvard Square,20 University Road,Cambridge,Massachusetts,2138,,6-10 months,,Legal Sea Foods,,Unknown,"Richard L. Friedman, John L. Hall III, 20 University Rd., Cambridge MA 02138",,-71.12365083399999,42.37229915000006,0.7741095025637378,2.773883896584751,0.7741095025637378
51,Harvard Square,52 Brattle St,Cambridge,Massachusetts,2139,,6-10 months,Domestic Limited Liability Company (LLC),Tess,,Unkown,"RENMORE, LLC, 52 Brattle St., Cambridge, MA  02138",,-71.12208182499995,42.37431914700005,0.5332001287455161,2.7833268991680873,0.5332001287455161
52,Harvard Square,30 JFK Street,Cambridge,Massachusetts,2138,,6-10 months,Domestic Limited Liability Company (LLC),Lush,,Unknown,"Waugh Building LLC c/o Rockmont Management Co., Inc, P.O. Box 440433, Somerville, MA 02145","(617) 776-764, info@rockmontmanagement.com",-71.11965811399995,42.37273228500004,0.5331442558515497,2.5194446818432694,0.5331442558515497
53,Central Square,645 Massachusetts Ave.,Cambridge,Massachusetts,2139,,6-10 months,Domestic Limited Liability Company (LLC),,,Actively leasing,"Choice Realty LLC, 825 Beacon St., #1, Newton Centre, MA 02459","CCAdvisors, 617-970-7232",-71.10358120499995,42.36569022900006,1.6561963942739357,0.990191105315269,0.990191105315269
54,Harvard Square,49B Brattle St.,Cambridge,Massachusetts,2138,,6-10 months,Domestic Limited Liability Company (LLC),Smoke Shop,,Unknown,"George Wyner Realty, Brattle Street, LLC, C/o Dana Myer & Sons, Inc., 1340 Centre St. #101, Newton, MA 02459",,-71.12144371099998,42.37420913400007,0.4981435248030853,2.733305889467471,0.4981435248030853
55,Kendall Square,303 Third Street,Cambridge,Massachusetts,2142,,6-10 months,Real Estate Investment Trust (REIT),Abigail’s,,Actively leasing,"303 Third SPE LCC c/o EQR-R.E. Tax Department, P.O. Box 87407, Chicago, IL 60680","Boston Restaurant Group, (978) 887-9895",-71.08389479599998,42.36430419700009,3.042337890931914,0.9671793077866656,0.9671793077866656
56,Fresh Pond-Alewife,88 CambridgePark Drive,Cambridge,Massachusetts,2138,1875.0,1-2 years,Real Estate Investment Trust (REIT),New Space,,Leased pending occupancy,"88 Cambridge Park Limited Partnership, 5847 San Felipe, Suite 3600, Houston, TX 77057","The Dartmouth Company, (617) 262-6620",-71.14290004199995,42.39307709100007,2.7975624035453683,5.426696188281302,2.7975624035453683
57,Harvard Square,33 Church Street,Cambridge,Massachusetts,2138,1366.0,1-2 years,Trust,Starbucks,,Leased pending occupancy,"Janet A. Cahaly of JAC Cambridge Nominee Trust P.O. Box 590-104 Newton Center, MA 02459","Williamson Partners, Chris Williamson, (617) 680-1108",-71.12018785,42.37453083200006,0.3968232191426379,2.670813081071893,0.3968232191426379
58,Harvard Square,1-23 JFK Street,Cambridge,Massachusetts,2138,,2-5 years,Real Estate Investment Trust (REIT),,,Under redevelopment,"Harvard Collection, LLC c/o Equity One, Inc. 410 Park Ave. Suite 1220, New York, NY 10022","Regency Centers Senior Leasing Agent: Davis Sherin, (610) 747-1212",-71.12003823299995,42.37316345000005,0.507137102881833,2.5721909112178243,0.507137102881833
59,Porter Sq-Lower Massachusetts Ave.,1691 Massachusetts Avenue,Cambridge,Massachusetts,2138,,6-10 months,Domestic Limited Liability Company (LLC),Utso Boutique,,Unknown,"1685 Mass Ave LLC, 626 Main St. Acton MA 01720","George F Harpell, Diane Poulos Harpell, (617) 547-7031",-71.11935393499994,42.382810308000046,0.6818616154711518,3.2629691266766776,0.6818616154711518
60,Harvard Square,1033 Massachusetts Avenue,Cambridge,Massachusetts,2138,,1-2 years,University,Basics Furniture,,Actively leasing,"Harvard University, Harvard Realty, Smith Campus Center, 1350 Massachusetts Ave., Cambridge, MA 02138",Leasing contact: 617.912.6879.,-71.11208514799995,42.36988247900007,0.8775418799236033,1.8282234738993501,0.8775418799236033
61,Harvard Square,One Brattle Square,Cambridge,Massachusetts,2138,2746.0,1-2 years,Real Estate Investment Trust (REIT),Chipotle,,Leased pending occupancy,"WELLS REIT One Brattle Square, I, LLC, c/o Thompson Property Tax Services, P.O. Box 56607, Atlanta, GA 3034","Atlantic Retail, James Bagley, 617-239-3642.",-71.12128512499999,42.37331403100006,0.5566395367143282,2.6665492010402874,0.5566395367143282
62,Harvard Square,104 Mt. Auburn Street,Cambridge,Massachusetts,2138,1378.0,5 years or more,Real Estate Investment Trust (REIT),Hair Cuttery,,Unknown,"Eliot Square Enterprises, Inc. 1270 Soldiers Field Rd. Brighton, MA 02135","Vantage Point Retail, Martin Benoit, (617) 877-5257",-71.12098035899999,42.372635474000056,0.5992994350835242,2.6045531769117733,0.5992994350835242
63,Porter Sq-Lower Massachusetts Ave.,1776 Massachusetts Avenue,Cambridge,Massachusetts,2138,1799.0,1-2 years,Condo,Muckykids Art Studios,,For sale,"Becs, LLC, 3 Lancaster Terrace, Cambridge, MA 02140","Barrett Sotheby's Realty, info@barrettsir.com",-71.11961687499996,42.38572985000008,0.9998438251629358,3.532915319692763,0.9998438251629358
64,Smaller Districts,750 Memorial Drive,Cambridge,Massachusetts,2139,,1-2 years,Real Estate Investment Trust (REIT),Nadeau Furniture,,Actively leasing,"New Creek LLC, c/o KIMCO Realty Corp., 333 New Hyde Park Rd., Suite 100, New Hyde Park, NY 11042","Leasing Contact: KIMCO Realty, Amy Daniels, (516) 697-9046",-71.11504312199997,42.35813867900004,2.10169590524804,1.726425540401382,1.726425540401382
65,East Cambridge,11 First Street,Cambridge,Massachusetts,2141,1553.0,5 years or more,Real Estate Investment Trust (REIT),Finagle a Bagel,,Actively leasing,"Linear Retail Cambridge LLC c/o Linear Retail Properties LLC, Five Burlington Woods Dr., Burlington, MA 01803","Perseid Ventures, (857) 202-3940",-71.07723386499998,42.37045689100006,3.322654262440455,1.8080994326395918,1.8080994326395918
66,Harvard Square,30 Brattle Street,Cambridge,Massachusetts,2138,,1-2 years,Trust,Leather World,,Pop Up,"Liilian H. Hadley, Harry L. Sampson, c/o Thomas Hadley Trust 59 Hunter Lane, Lancaster, MA 01523","Regency Centers. David Sherin, (610) 747-1212",-71.12062178099995,42.373064459000034,0.5434045170722959,2.6057925449697925,0.5434045170722959
67,Central Square,738 Massachusetts Avenue,Cambridge,Massachusetts,2139,,,Domestic Limited Liability Company (LLC),The Cantab Lounge,True,Business for sale,"720 Mass Ave Realty, LLC, 720 Mass Ave., Cambridge, MA",,-71.10513872999998,42.36585707000006,1.5611698622833707,1.1034162949273338,1.1034162949273338
68,North Massachusetts Ave.,2226 Massachusetts Ave,Cambridge,Massachusetts,2140,,6-10 months,Trust,Fun Antiques,,Unknown,"Tavian Realty LLC, 4 Richfield Rd., Arlington, MA 02474",,-71.12643681099996,42.39374404000006,2.0263302473188545,4.58338612745101,2.0263302473188545
69,Harvard Square,1280 Massachusetts Avenue,Cambridge,Massachusetts,2138,3307.0,1-2 years,Real Estate Investment Trust (REIT),Qdoba,,Actively leasing,"1280 Massachusetts Avenue Owner MA, LLC, c/o International Continental Real Estate Corp., 1270 Soldiers Field Rd., Boston, MA 02135","IRB Commercial Real Estate, 617-497-3300.",-71.11697691099994,42.37259088200005,0.4907989613515973,2.330399901836031,0.4907989613515973
70,Harvard Square,1426 Massachusetts Avenue,Cambridge,Massachusetts,2138,4144.0,1-2 years,Real Estate Investment Trust (REIT),CVS,,Actively leasing,"University Common Real Estate Co. LLP c/o Century Real Estate Co, Inc. 1430 Mass Ave. 3rd floor, Cambridge, MA 02138","National Commercial Brokers, Andy White, (617) 243-0222 X5",-71.11926919399997,42.374141450000025,0.3815397791461726,2.584494891294603,0.3815397791461726
71,Inman Square,192 Hampshire Street,Cambridge,Massachusetts,2139,1960.0,6-10 months,Domestic Limited Liability Company (LLC),Chan Mock Architects,,Actively leasing,"Riggins Holdings LLC, 40 Richardson Dr., Needham, MA 02492","Red Tree Boston, (617) 487-8015",-71.09994974499995,42.37278592900003,1.4535554143563336,1.4876035995173988,1.4535554143563336
72,East Cambridge,247 Cambridge Street,Cambridge,Massachusetts,2141,1200.0,6-10 months,Trust,Court Cleaners,,Leased pending occupancy,"William R. Daniels & Andrew Q. Oldman, Trs., c/o Broadway Landmarks, 339 Broadway, Cambridge, MA 02139","Listing Agent: Aaron Parlee, Horizon Capital Realty, Aaron Parlee, 617-661-5959",-71.08008957999994,42.37131377300005,3.073157187321889,1.7025610185239424,1.7025610185239424
73,Central Square,571-577 Massachusetts Ave,Cambridge,Massachusetts,2139,,6-10 months,Trust,Libby's Liquors/Dosa Factory/Shalimar,,Actively leasing,"James D. Hill, Trustee, The James D. Hill Rev. Trust, 15831 White Orchid Ln., FT. Myers, FL 33908",Call Lena at 617-875-9080,-71.10242374799998,42.36501209100004,1.7754815666362949,0.8688331319984887,0.8688331319984887
74,Central Square,596 Massachusetts Avenue,Cambridge,Massachusetts,2139,,2-5 years,Real Estate Investment Trust (REIT),Mattress Firm,,Under redevelopment,"CIFRINO-Massachusetts Avenue Realty. c/o Superior Realty Co., Inc. 540 Gallivan Boulevard Dorchester, MA. 02124.","Atlantic Retail, 617-239-3636",-71.10338163099993,42.36467932900007,1.7532744996134222,0.9101479963623035,0.9101479963623035
75,Observatory Hill,171 Huron Avenue,Cambridge,Massachusetts,2138,6000.0,2-5 years,Real Estate Investment Trust (REIT),Coldwell Banker,,Actively leasing,"RyeCroft LLC, PO Box 590179, Newtown Centre, MA 02459","Contact Alisa King, ABG Realty, (617) 492-9900",-71.13159352499997,42.38234888400007,1.360261645361508,3.9442309913597446,1.360261645361508
76,Porter Sq-Lower Massachusetts Ave.,1674 Massachusetts Avenue,Cambridge,Massachusetts,2138,2469.0,5 years or more,Trust,Evergood Market,,Leased pending occupancy,"Stone Investment Holding, LLC, 9 Shepard Street, Cambridge, MA 02138","Dartmouth Company,  Rachel Feeley, (617) 369-5908",-71.12005273399996,42.38231703300005,0.6522188566888617,3.2578418857603553,0.6522188566888617
77,Kendall Square,205 Broadway,Cambridge,Massachusetts,2139,,1-2 years,Real Estate Investment Trust (REIT),Tatte,,Leased pending occupancy,"BMR-Hampshire LLC, c/o Ryan LLC, P.O. Box 847, Carlsbad, CA 92018",,-71.09286376799999,42.36635638000007,2.2880135443909406,0.7042871316103576,0.7042871316103576
78,East Cambridge,625 Cambridge Street,Cambridge,Massachusetts,2141,5742.0,6-10 months,Trust,Boston Bed Company,,Actively leasing,"Richard C. & Judith F. Silver, c/o Richard C. Silver Rev. Trust, 6876 Parisian Way, Lake Worth, FL 33467","ABG Commercial Advisors, (617) 850-2113",-71.08654171699999,42.37211705300007,2.5361769488710553,1.4769538187753029,1.4769538187753029
79,Inman Square,1248 Cambridge Street,Cambridge,Massachusetts,2139,,6-10 months,Trust,Wit’s End,,Unknown,"Onaly A. Kapasi & Chander M. Kapasi, Trs., Ony’s Comet Trust, 356 Parker Street, Newton, MA 02459",,-71.09844963599994,42.37328708300005,1.5549858133600554,1.5073279301573146,1.5073279301573146
80,Harvard Square,999 Massachusetts Avenue,Cambridge,Massachusetts,2138,,6-10 months,Domestic Profit Corporation,BoConcept,,Unknown,"Richard Simon & William C. Kaplan, Trs. c/o Eastport Real Estate Services, Wakefield, MA 01880",(781) 890-5855,-71.11130579899998,42.369591125000056,0.9354409769900058,1.7575283854559953,0.9354409769900058
81,East Cambridge,402 Cambridge Street,Cambridge,Massachusetts,2141,,6-10 months,Trust,Travel insurance agency,,Actively leasing,"Manuel M. Dasilva & Maria F. Dasilva, trs. of M & R Realty Trust, 402 Cambridge St., Cambridge, MA 02141",(617) 686-9996,-71.08287052799994,42.37120631700003,2.852664446380225,1.5464573257150867,1.5464573257150867
82,Kendall Square,610 Main St,Cambridge,Massachusetts,2139,1984.0,1-2 years,Real Estate Investment Trust (REIT),New Space,,Actively leasing,"MIT 650 Main Street, LLC, c/o Bulfinch Property Mgmt LLC, 116 Huntington Ave., Suite 600, Boston, MA 02116","leasing@graffito.cp,, (617) 401-2871",-71.09435943499994,42.36262844500004,2.4335467848913663,0.2814552678073703,0.2814552678073703
83,Fresh Pond-Alewife,211 Alewife Brook Parkway,Cambridge,Massachusetts,2138,3391.0,2-5 years,Real Estate Investment Trust (REIT),Mattress Firm,,Leased pending occupancy,"Linear Retail - Cambridge #1 LLC, c/o Keypoint Partners, 1 Burlington Woods Drive, Burlington, MA 01803","Linaer Retail, (781) 202-3535",-71.14361367699996,42.39005650500008,2.644657127524136,5.250890926075026,2.644657127524136
84,Central Square,8 Essex Street,Cambridge,Massachusetts,2139,2820.0,1-2 years,Trust,New Space,,Unknown,"3MJ Associates, Inc. 563 Massachusetts Ave., Cambridge, MA 02139","Whitney Gallivan, Boston Realty Advisors, (617) 850-9612",-71.10269247099995,42.36537678700006,1.7304814460676392,0.9116663449519665,0.9116663449519665
85,Harvard Square,35 JFK Street,Cambridge,Massachusetts,2138,,6-10 months,Foreign Limited Liability Company (LLC),David’s Tea,,Unknown,"Mayhaw, LLC c/o NCP Management, P.O. Box 590179, Newton Center, MA 021459","(617) 945-0020, office@ncpmgmt.com",-71.12017410399994,42.37282653900007,0.544794762401271,2.5605221872047643,0.544794762401271
86,East Cambridge,293 Cambridge Street,Cambridge,Massachusetts,2141,3171.0,6-10 months,Individual,Courtside Bar,,Actively leasing,"John J. and Mary L. Alberts, 172 High St., Winchester, MA 01890","Eastern Retail, Joe Morrison, jmorrison@easternretail.com, (617) 630-1180",-71.08080011399994,42.37133078900007,3.0156655932402243,1.664781322150496,1.664781322150496
87,Inman Square,1172 Cambridge,Cambridge,Massachusetts,2139,,6-10 months,Trust,The Rising,,Actively leasing,"1174-1178 CAMBRIDGE STREET, LLC, 120 GALLOUPES POINT RD, SWAMPSCOTT, MA 01907","KPMRealtyLLC@gmail.com, 617-461-2891",-71.09699914699996,42.37305813100005,1.676637013591471,1.4591146629633913,1.4591146629633913
88,Porter Sq-Lower Massachusetts Ave.,1741 Massachusetts Avenue,Cambridge,Massachusetts,2140,1469.0,2-5 years,Trust,Nomad,,Leased pending occupancy,"George Wyner Realty LLC c/o Myer Dana and Sons, Inc. 1340 Centre Street #101 Newton, MA 02459","Dan Bloom at Tactical Realty Group, dan@TactBoston.com",-71.11915595399995,42.38458106900004,0.8667771900282719,3.407802353476213,0.8667771900282719
89,Harvard Square,1100 Massachusetts Avenue,Cambridge,Massachusetts,2138,,1-2 years,Real Estate Investment Trust (REIT),Au Bon Pain,,Actively leasing,"Sun Like Assurance Co. of Canada c/o Bentall Kennedy LP, One Federal Street, 25th floor, Boston, MA 02110","Leasing: Avison Young, (617) 366-1001",-71.11374996199999,42.37041158700004,0.7716391172193781,1.9734517178022233,0.7716391172193781
90,Harvard Square,20-22 Eliot Street,Cambridge,Massachusetts,2138,,6-10 months,Trust,Wrapro,,Unknown,"Louis F. Di Giovanni, Trustee of Kennedy and Eliot Realty Trust, P.O. Box 380212, Cambridge, MA 02238",,-71.12111111699994,42.37188600600007,0.6742880583680734,2.570168006184091,0.6742880583680734
91,East Cambridge,1055 Cambridge Street,Cambridge,Massachusetts,2139,,5 years or more,Trust,University Monument,,Under redevelopment,"418 Real Estate LLC 250 Dorchester Ave. #2 Boston, MA 02127",,-71.09474282299993,42.37318641600007,1.8528515842480398,1.4558262842840242,1.4558262842840242
92,Porter Sq-Lower Massachusetts Ave.,15 White Street,Cambridge,Massachusetts,2140,2045.0,1-2 years,Real Estate Investment Trust (REIT),AT&T,,Leased pending occupancy,"Porter Square LLC c/o Gravestar 160 Second Street, Cambridge, MA 02142","Dartmouth Company, Mary Powers, (617) 369-5915",-71.11858271599993,42.38987021700007,1.439433013560838,3.869078552079413,1.439433013560838
93,Smaller Districts,1000 Massachusetts Avenue,Cambridge,Massachusetts,2139,4016.0,1-2 years,Real Estate Investment Trust (REIT),Cambridge College,,Actively leasing,"1000 Massachusetts Ave MA LLC, c/o 1270 Soldiers Field Rd., Boston, MA 02135","Berkshire Hathaway Commercial, 617-924-1200",-71.11089173299996,42.368807668000045,1.0283394530105587,1.678742684938784,1.0283394530105587
94,Harvard Square,2 Bennett Street,Cambridge,Massachusetts,2138,5200.0,2-5 years,Trust,Les Sablons,,Actively leasing,"Conductor's Building LLC, 20 University Road, Cambridge, MA 02138","Dartmouth Company, Lindsey Sandell, (617) 369-5936",-71.12206665399998,42.37269008200008,0.6511659420482445,2.683530779480963,0.6511659420482445
95,Central Square,40 Prospect St.,Cambridge,Massachusetts,2139,,6-10 months,Domestic Limited Liability Company (LLC),Improv Boston,,Actively leasing,"Choice Realty LLC, 825 Beacon St., #1, Newton Centre, MA 02459","CCAdvisors, 617-970-7232",-71.10317778399997,42.36607881400005,1.6458126823935384,0.9930070968996345,0.9930070968996345
96,Porter Sq-Lower Massachusetts Ave.,1957 Massachusetts Avenue,Cambridge,Massachusetts,2140,,5 years or more,Trust,Medusa Cross Fit,,Unknown,"Spoulous LLC, 626 Main Street, Acton, MA 01720",Contact (617) 547-7031,-71.12010168399996,42.389999257000056,1.4722061459989149,3.9471969782740364,1.4722061459989149
97,North Massachusetts Ave.,2370 Massachusetts Avenue,Cambridge,Massachusetts,2140,,6-10 months,Domestic Limited Liability Company (LLC),Dudley Dry Cleaners,,Actively leasing,"James H. Batmasian, c/o Investments, Limited, 215 North Federal Highway, Boca Raton, FL 33432",(617) 547-0026,-71.12951776199998,42.39667435200005,2.427796690405099,4.9955474758354885,2.427796690405099
98,Central Square,675 Massachusetts Avenue,Cambridge,Massachusetts,2139,1780.0,5 years or more,Real Estate Investment Trust (REIT),T-Mobile/CCTV,,Unknown,"U.S. REIF Central Plaza Massachusetts LLC c/o Intercontinental Mgmt. Corporation 1270 Soldiers Field Rd. Boston, MA 02135","Boston Urban Partners, Patrick Conly, 617-274-4900",-71.10375714099996,42.36611535900005,1.6110157052342096,1.0314893836164625,1.0314893836164625
99,Harvard Square,10 Church Street,Cambridge,Massachusetts,2138,,5 years or more,Real Estate Investment Trust (REIT),Loews Movie Theater,,Under redevelopment,"Kirche, LLC c/o Prague & Company 15 Walnut Street, Suite 150 Wellesley, MA 02481",,-71.11971284799995,42.37417866600004,0.39958683647556353,2.616107094149586,0.39958683647556353
100,Kendall Square,50 Hampshire Street,Cambridge,Massachusetts,2139,,6-10 months,Foreign Limited Liability Company (LLC),The Automatic,,Actively leasing,"BMR-Hampshire LLC P.O. Box 847, Carlsbad, CA 92018","Boston Restaurant Group, (978) 887-9895",-71.09276452599994,42.36683004200006,2.268276129216488,0.7575830773789791,0.7575830773789791
101,Central Square,20 Sidney Street,Cambridge,Massachusetts,2139,2300.0,1-2 years,Real Estate Investment Trust (REIT),Unknown,,Actively leasing,"MIT 238 Main Street, Suite 200 Cambridge, MA 02142",Contact 617-551-0307 (no food use),-71.09966048599995,42.36165882700004,2.206697537715504,0.4809724994649143,0.4809724994649143
102,East Cambridge,465 Cambridge Street,Cambridge,Massachusetts,2141,,5 years or more,Individual,Sew-Low Fabrics,,Leased pending occupancy,"Shirui Lin, 69 Eliot St. Newton, MA.",,-71.08401968699997,42.37178764400005,2.746409618913456,1.5454825923014703,1.5454825923014703
103,Porter Sq-Lower Massachusetts Ave.,1925-B Massachusetts Avenue,Cambridge,Massachusetts,2138,,6-10 months,Domestic Limited Liability Company (LLC),Watch Shop at Porter Square,,Actively leasing,"1925 Mass Ave LLC c/o Eric Hoagland, 195 Lexington Ave, Cambridge, MA 02139","Roy Papalia, (1617) 484-7474",-71.11968602599995,42.38945766000006,1.4067723798413545,3.8780739869791283,1.4067723798413545
104,Harvard Square,57 JFK Street,Cambridge,Massachusetts,2138,,6-10 months,Domestic Limited Liability Company (LLC),Staples,,Leased pending occupancy,"Crimson Galeria Limited Partnership 1299 Beacon Street, Brookline, MA 02446",,-71.12089234899997,42.372135367000055,0.6412466707733119,2.56905378222221,0.6412466707733119
105,Harvard Square,1246 Massachusetts Avenue,Cambridge,Massachusetts,2138,,,University,Mr. Bartley's Burger Cottage,True,Business for sale,"President & Fellows of Harvard College c/o Harvard Real Estate Inc., Holyoke Center - Room #1000, 1350 Mass Ave, Cambridge, MA 02138",,-71.11629730599998,42.37245320900007,0.5066611134254165,2.2765405516071766,0.5066611134254165
106,East Cambridge,189 Cambridge Street,Cambridge,Massachusetts,2141,,6-10 months,Domestic Limited Liability Company (LLC),Unknown - office space,,Actively leasing,"189 Cambridge Street, LLC, c/o the Mount Vernon Company, 1200 Soldiers Field Rd., Boston, MA 02134","Boston Realty Advisors, (617) 375-7900",-71.07907453099995,42.37109634700005,3.159741927645844,1.7433641053201847,1.7433641053201847
107,Harvard Square,91 Winthrop Street,Cambridge,Massachusetts,2138,,6-10 months,Real Estate Investment Trust (REIT),Parsnip,,Unknown,"Eliot Square Enterprises, Inc. 1270 Soldiers Field Rd. Brighton, MA 02135",,-71.12098035899999,42.372635474000056,0.5992994350835242,2.6045531769117733,0.5992994350835242
108,Smaller Districts,253 Walden Street,Cambridge,Massachusetts,2140,1660.0,2-5 years,Trust,New Space,,Actively leasing,"Observatory Hill Development LLC, c/o Eric Hoagland, 195 Lexington Ave. Cambridge, MA 0218","Roy Papalia, (617) 306-7797",-71.13140090899998,42.38623213600005,1.5848821650272995,4.216914642300174,1.5848821650272995
109,Central Square,20 Prospect Street,Cambridge,Massachusetts,2139,,6-10 months,Domestic Limited Liability Company (LLC),The Field,,Leased pending occupancy,"Choice Realty LLC, 825 Beacon St., #1, Newton Centre, MA 02459",,-71.10358120499995,42.36569022900006,1.6561963942739357,0.990191105315269,0.990191105315269
110,East Cambridge,1-2 Canal Park,Cambridge,Massachusetts,2141,,1-2 years,Foreign Limited Liability Company (LLC),Haute Coffee,,Unknown,"One Canal Park Massachusetts, LLC C/O Intercontinental Realty Estate Investment, 1270 Soldiers Field Rd, Boston, MA 02135","Bay State REIT, LLC, (617) 782-2600",-71.07678484699994,42.36957478000005,3.381280471522942,1.7768394341331941,1.7768394341331941
111,Harvard Square,1208 Massachusetts Ave,Cambridge,Massachusetts,2138,,1-2 years,Trust,Psychic reader,,Actively leasing,"Cambridge Real Estate Company, LLC P.O. 400575 Cambridge, MA 02140","Shannah Hall, (617) 686-9996, shannah@compass.com",-71.11541502699998,42.37186190800003,0.5809988145683296,2.1790889779935334,0.5809988145683296
112,Central Square,472 Massachusetts Avenue,Cambridge,Massachusetts,2139,,,Domestic Limited Liability Company (LLC),The Middle East Restaurant and Club,True,Business for sale,"Sater Realty LLC, Attn: Nabil Sater, 472 Massachusetts Ave., Cambridge, MA 02138",,-71.10152998499996,42.36361830600004,1.9409225756119237,0.7181610096760559,0.7181610096760559
113,Porter Sq-Lower Massachusetts Ave.,1644 Massachusetts Avenue,Cambridge,Massachusetts,2138,,1-2 years,Trust,New Space,,Actively leasing,"Trustees of the Tabit Family 2010 Irrev. Trust, 1804 Dogwood Circle, North Andover, MA 01845","Oxford Realty, (617) 354-3535",-71.12006337899999,42.38119448600003,0.5420865475764579,3.164835945974453,0.5420865475764579
114,Porter Sq-Lower Massachusetts Ave.,1965 Massachusetts Avenue,Cambridge,Massachusetts,2140,,5 years or more,Real Estate Investment Trust (REIT),New Space,,Leased pending occupancy,"Urban Spaces, 1971 Mass Ave, LLC 111 First Street, Cambridge, MA 02141","Conviser Realty, Adam and Jim Conviser (781) 320-0600",-71.12035397999995,42.39023835000006,1.5023193450671635,3.9807603405544034,1.5023193450671635
115,Porter Sq-Lower Massachusetts Ave.,23 White St,Cambridge,Massachusetts,2140,315.0,6-10 months,Real Estate Investment Trust (REIT),Emack & Bolio's,,Actively leasing,"Porter Square LLC c/o Gravestar 160 Second Street, Cambridge, MA 02142","Dartmouth Company, Mary Powers, (617) 369-5915",-71.11862395499998,42.38975006300007,1.4265217915809156,3.8594147389618323,1.4265217915809156
116,Harvard Square,24 Eliot Street,Cambridge,Massachusetts,2138,,6-10 months,,Hertz Car Rental,,Unknown,"Louis F. Di Giovanni, Trustee of Kennedy and Eliot Realty Trust, P.O. Box 380212, Cambridge, MA 02238",,-71.12111111699994,42.37188600600007,0.6742880583680734,2.570168006184091,0.6742880583680734
117,Kendall Square,5 Broad Canal Way,Cambridge,Massachusetts,2142,3600.0,6-10 months,Foreign Limited Liability Company (LLC),Kikas Tapas,,Unknown,"Watermark II Member LLC, 801 Grand Avenue, Des Moines, IA 50392.","leasing@graffito.cp,, (617) 401-2871",-71.08304721799993,42.36362564000007,3.1392315889867364,0.9966781796645763,0.9966781796645763
118,Fresh Pond-Alewife,359 Fresh Pond Parkway,Cambridge,Massachusetts,2138,,1-2 years,Real Estate Investment Trust (REIT),Vitamin Shoppe,,Actively leasing,"TGCI Fresh Pond LLC, 859 Willand St. #501, Quincy, MA 02169","Atlantic Retail, (617) 239-3646",-71.14083147199995,42.38615531600004,2.2282286373799245,4.802902785895596,2.2282286373799245
119,Smaller Districts,370 Broadway,Cambridge,Massachusetts,2139,,6-10 months,Domestic Limited Liability Company (LLC),Snowdrop Montessori,,Unknown,"Cherry Street, LLC, 60 Highland Rd., Somerville, MA 02144",,-71.10474000299996,42.37063865300007,1.2106196689885238,1.4570785894131948,1.2106196689885238
120,Central Square,580 Massachusetts Avenue,Cambridge,Massachusetts,2139,,2-5 years,Trust,Harvest Coop,,Leased pending occupancy,"George and Ethel Rothman, c/o First Cambridge Realty 907 Massachusetts Ave., Cambridge, MA 02139","Godino & Co., Tim Coyle, 617-965-4200",-71.10307476999998,42.36453507700003,1.781566564587034,0.8802779492195011,0.8802779492195011
121,Smaller Districts,121 Hampshire Street,Cambridge,Massachusetts,2139,2908.0,5 years or more,Trust,Poor Little Rich Girl,,Unknown,"Leonidas Perez & City of Cambridge Tax Title 230 Prospect Street Cambridge, MA 02139",,-71.09623077799995,42.37027119000004,1.8404370445526863,1.1432250922662253,1.1432250922662253
122,Central Square,904 Massachusetts Ave.,Cambridge,Massachusetts,2139,,6-10 months,Trust,Atomic Bean Café,,Unknown,"Mark W. Williamson Trustee, Mark W. Williamson Esq., PC, P.O. Box #267, Sterling, MA 01564",,-71.10872869899998,42.36818032400004,1.1792286037318678,1.494032202104353,1.1792286037318678
123,Porter Sq-Lower Massachusetts Ave.,9 White Street,Cambridge,Massachusetts,2140,930.0,1-2 years,Real Estate Investment Trust (REIT),Zoots Cleaners,,Leased pending occupancy,"Porter Square LLC c/o Gravestar 160 Second Street, Cambridge, MA 02142","Dartmouth Company, Mary Powers, (617) 369-5915",-71.11858271599993,42.38987021700007,1.439433013560838,3.869078552079413,1.439433013560838
124,Harvard Square,5 Bennett Street,Cambridge,Massachusetts,2138,,6-10 months,,Wellbridge Athletic Club,,Unknown,"Richard L. Friedman, John L. Hall III, 20 University Rd., Cambridge MA 02138",,-71.12276033999996,42.37235463800005,0.7173906600071424,2.71339689901419,0.7173906600071424
125,Smaller Districts,955 Massachusetts Avenue,Cambridge,Massachusetts,2139,2365.0,2-5 years,Real Estate Investment Trust (REIT),Unknown,,Unknown,"DWF V 955 Massachusetts LLC c/o Divco West Real Estate LLC 575 Market Street, 35th floor, San Franciso, CA 94105","CBRE, Charles Kavoogian, (617) 912-7079",-71.10990819999995,42.36913338900007,1.037513678757912,1.6353946991486945,1.037513678757912
126,Harvard Square,1110 Massachusetts Avenue,Cambridge,Massachusetts,2138,,6-10 months,Domestic Limited Liability Company (LLC),Inner Space Galler,,Actively leasing,"Gwen Marie LLC, 50 Bridge St., Lexington, MA 021421","Avison Young, (617) 250-7600, avisonyoung.com",-71.11385473599995,42.37057675300008,0.7515034320838999,1.9911514876399834,0.7515034320838999
127,Inman Square,1280 Cambridge Street,Cambridge,Massachusetts,2139,17352.0,1-2 years,Trust,Cambridge Auto Center,,Leased pending occupancy,"Nan Nai Ko and Julia Koang Shih Ko, Trustees of K & K Realty Trust, 40 Tabor Hill Road, Lincoln, MA 01793",Contact (508) 317-8887,-71.09887233499995,42.37324739500008,1.52274118053088,1.5114793262758295,1.5114793262758295
128,Kendall Square,500 Kendall Street,Cambridge,Massachusetts,2142,,6-10 months,Foreign Limited Liability Company (LLC),Unknown,,Under redevelopment,"BMR-500 Kendall Street LLC, c/o Ryan LLC, P.O. Box 847, Carlsbad, CA 92018","Biomed Realty, Colleen O’Connor, (858) 386-8737, Colleen.OConnor@biomedrealty.com",-71.08134108199994,42.36391167300008,3.248965926371544,1.1383615924609143,1.1383615924609143
129,Harvard Square,1120 Massachusetts Ave,Cambridge,Massachusetts,2138,7200.0,6-10 months,Real Estate Investment Trust (REIT),Karma Yoga Studio,,Actively leasing,"R. S. T. Realty, Inc., c/o 1120 Massachusetts LLC, 116 Huntington Ave., Suite 600, Boston, MA 02116","Bulfinch, 781-707-4102",-71.11396277799997,42.370654914000056,0.7405051482103822,2.0034351179234697,0.7405051482103822
130,Inman Square,243 Hampshire Street,Cambridge,Massachusetts,2139,,6-10 months,Trust,Inman Oasis,,Actively leasing,"Eliot J. Winograd & Michael Judith Rosenberg, Tr., 77 Court Street #204, Newton, MA 02458","Boston Realty Advisors, (617) 375-3900",-71.10092975699996,42.374264329000034,1.3306725122550802,1.669225191941652,1.3306725122550802
131,Kendall Square,One Kendall Square,Cambridge,Massachusetts,2139,,6-10 months,Real Estate Investment Trust (REIT),The Friendly Toast,,Unknown,"ARE-MA Region No. 59 LLC, 385 East Colorado Boulevard, Pasadena, CA 91101",,-71.09011699999996,42.36743900000005,2.4288008451328533,0.8823184372724852,0.8823184372724852
